trip_id,deviceid,direction,segment,date,start_time,end_time,run_time_in_seconds,length
1.0,262.0,1.0,1.0,2021-10-01,06:39:49,06:40:58,69.0,0.6261
1.0,262.0,1.0,2.0,2021-10-01,06:40:58,06:44:28,210.0,1.2808
1.0,262.0,1.0,3.0,2021-10-01,06:44:28,06:52:44,496.0,2.1125
1.0,262.0,1.0,4.0,2021-10-01,06:52:44,06:55:59,195.0,1.5513
1.0,262.0,1.0,5.0,2021-10-01,06:55:59,06:57:36,97.0,0.845
1.0,262.0,1.0,6.0,2021-10-01,06:57:36,07:01:06,210.0,1.3125
1.0,262.0,1.0,7.0,2021-10-01,07:01:06,07:01:51,45.0,0.3713
1.0,262.0,1.0,8.0,2021-10-01,07:01:51,07:03:30,99.0,0.6245
1.0,262.0,1.0,9.0,2021-10-01,07:03:30,07:04:04,34.0,0.2572
1.0,262.0,1.0,10.0,2021-10-01,07:04:04,07:06:33,149.0,1.2349
1.0,262.0,1.0,11.0,2021-10-01,07:06:33,07:09:03,150.0,1.1011
1.0,262.0,1.0,12.0,2021-10-01,07:09:03,07:11:44,161.0,1.3111
1.0,262.0,1.0,13.0,2021-10-01,07:11:44,07:14:03,139.0,1.1483
1.0,262.0,1.0,14.0,2021-10-01,07:14:03,07:15:45,102.0,0.8918
1.0,262.0,1.0,15.0,2021-10-01,07:15:45,07:19:39,234.0,1.9667
3.0,274.0,2.0,21.0,2021-10-01,07:19:39,07:24:52,313.0,1.9418
3.0,274.0,2.0,22.0,2021-10-01,07:24:52,07:26:55,123.0,0.9166
3.0,274.0,2.0,23.0,2021-10-01,07:26:55,07:30:49,234.0,1.1479
3.0,274.0,2.0,24.0,2021-10-01,07:30:49,07:34:24,215.0,1.3115
3.0,274.0,2.0,25.0,2021-10-01,07:34:24,07:37:45,201.0,1.2594
3.0,274.0,2.0,26.0,2021-10-01,07:37:45,07:40:25,160.0,1.036
3.0,274.0,2.0,27.0,2021-10-01,07:40:25,07:41:20,55.0,0.3844
3.0,274.0,2.0,28.0,2021-10-01,07:41:20,07:44:07,167.0,0.8673
3.0,274.0,2.0,29.0,2021-10-01,07:44:07,07:47:36,209.0,1.397
3.0,274.0,2.0,30.0,2021-10-01,07:47:36,07:52:54,318.0,2.5612
3.0,274.0,2.0,31.0,2021-10-01,07:52:54,07:53:44,50.0,0.4169
3.0,274.0,2.0,32.0,2021-10-01,07:53:44,07:57:36,232.0,1.296
3.0,274.0,2.0,33.0,2021-10-01,07:57:36,08:01:33,237.0,1.2245
3.0,274.0,2.0,34.0,2021-10-01,08:01:33,08:02:33,60.0,0.6617
4.0,123.0,2.0,21.0,2021-10-01,08:02:33,08:08:12,339.0,1.9418
4.0,123.0,2.0,22.0,2021-10-01,08:08:12,08:10:33,141.5,0.9166
4.0,123.0,2.0,23.0,2021-10-01,08:10:33,08:13:16,163.0,1.1479
4.0,123.0,2.0,24.0,2021-10-01,08:13:16,08:15:32,136.0,1.3115
4.0,123.0,2.0,25.0,2021-10-01,08:15:32,08:20:46,314.0,1.2594
4.0,123.0,2.0,26.0,2021-10-01,08:20:46,08:22:45,119.0,1.036
4.0,123.0,2.0,27.0,2021-10-01,08:22:45,08:23:14,29.0,0.3844
4.0,123.0,2.0,28.0,2021-10-01,08:23:14,08:26:21,187.0,0.8673
4.0,123.0,2.0,29.0,2021-10-01,08:26:21,08:29:17,176.0,1.397
4.0,123.0,2.0,30.0,2021-10-01,08:29:17,08:35:06,349.0,2.5612
4.0,123.0,2.0,31.0,2021-10-01,08:35:06,08:35:55,49.0,0.4169
4.0,123.0,2.0,32.0,2021-10-01,08:35:55,08:38:47,172.0,1.296
4.0,123.0,2.0,33.0,2021-10-01,08:38:47,08:42:07,200.0,1.2245
4.0,123.0,2.0,34.0,2021-10-01,08:42:07,08:43:05,58.0,0.6617
8.0,274.0,1.0,1.0,2021-10-01,08:43:05,08:44:19,74.0,0.6261
8.0,274.0,1.0,2.0,2021-10-01,08:44:19,08:48:04,225.0,1.2808
8.0,274.0,1.0,3.0,2021-10-01,08:48:04,08:55:20,436.0,2.1125
8.0,274.0,1.0,4.0,2021-10-01,08:55:20,08:58:20,180.0,1.5513
8.0,274.0,1.0,5.0,2021-10-01,08:58:20,09:00:26,126.0,0.845
8.0,274.0,1.0,6.0,2021-10-01,09:00:26,09:04:23,237.0,1.3125
8.0,274.0,1.0,7.0,2021-10-01,09:04:23,09:05:08,45.0,0.3713
8.0,274.0,1.0,8.0,2021-10-01,09:05:08,09:06:32,84.0,0.6245
8.0,274.0,1.0,9.0,2021-10-01,09:06:32,09:06:48,16.0,0.2572
8.0,274.0,1.0,10.0,2021-10-01,09:06:48,09:08:52,124.0,1.2349
8.0,274.0,1.0,11.0,2021-10-01,09:08:52,09:13:09,257.0,1.1011
8.0,274.0,1.0,12.0,2021-10-01,09:13:09,09:17:24,255.0,1.3111
8.0,274.0,1.0,13.0,2021-10-01,09:17:24,09:19:57,153.0,1.1483
8.0,274.0,1.0,14.0,2021-10-01,09:19:57,09:21:55,118.0,0.8918
8.0,274.0,1.0,15.0,2021-10-01,09:21:55,09:27:00,305.0,1.9667
9.0,262.0,2.0,21.0,2021-10-01,09:27:00,09:34:51,471.0,1.9418
9.0,262.0,2.0,22.0,2021-10-01,09:34:51,09:36:25,94.0,0.9166
9.0,262.0,2.0,23.0,2021-10-01,09:36:25,09:40:36,251.0,1.1479
9.0,262.0,2.0,24.0,2021-10-01,09:40:36,09:44:28,232.0,1.3115
9.0,262.0,2.0,25.0,2021-10-01,09:44:28,09:48:58,270.0,1.2594
9.0,262.0,2.0,26.0,2021-10-01,09:48:58,09:51:03,125.0,1.036
9.0,262.0,2.0,27.0,2021-10-01,09:51:03,09:51:54,51.0,0.3844
9.0,262.0,2.0,28.0,2021-10-01,09:51:54,09:54:55,181.0,0.8673
9.0,262.0,2.0,29.0,2021-10-01,09:54:55,09:58:05,190.0,1.397
9.0,262.0,2.0,30.0,2021-10-01,09:58:05,10:05:21,436.0,2.5612
9.0,262.0,2.0,31.0,2021-10-01,10:05:21,10:06:16,55.0,0.4169
9.0,262.0,2.0,32.0,2021-10-01,10:06:16,10:09:28,192.0,1.296
9.0,262.0,2.0,33.0,2021-10-01,10:09:28,10:11:59,151.0,1.2245
9.0,262.0,2.0,34.0,2021-10-01,10:11:59,10:13:33,94.0,0.6617
10.0,123.0,1.0,1.0,2021-10-01,10:13:33,10:15:36,123.0,0.6261
10.0,123.0,1.0,2.0,2021-10-01,10:15:36,10:19:17,221.0,1.2808
10.0,123.0,1.0,3.0,2021-10-01,10:19:17,10:25:23,366.0,2.1125
10.0,123.0,1.0,4.0,2021-10-01,10:25:23,10:27:36,133.0,1.5513
10.0,123.0,1.0,5.0,2021-10-01,10:27:36,10:29:21,105.0,0.845
10.0,123.0,1.0,6.0,2021-10-01,10:29:21,10:31:09,108.0,1.3125
10.0,123.0,1.0,7.0,2021-10-01,10:31:09,10:31:54,45.0,0.3713
10.0,123.0,1.0,8.0,2021-10-01,10:31:54,10:33:19,85.3,0.6245
10.0,123.0,1.0,9.0,2021-10-01,10:33:19,10:33:34,14.5,0.2572
10.0,123.0,1.0,10.0,2021-10-01,10:33:34,10:37:06,212.0,1.2349
10.0,123.0,1.0,11.0,2021-10-01,10:37:06,10:40:11,185.0,1.1011
10.0,123.0,1.0,12.0,2021-10-01,10:40:11,10:43:48,217.5,1.3111
10.0,123.0,1.0,13.0,2021-10-01,10:43:48,10:46:55,186.2,1.1483
10.0,123.0,1.0,14.0,2021-10-01,10:46:55,10:49:11,136.8,0.8918
10.0,123.0,1.0,15.0,2021-10-01,10:49:11,10:54:55,343.8,1.9667
14.0,274.0,2.0,21.0,2021-10-01,10:54:55,11:01:28,393.0,1.9418
14.0,274.0,2.0,22.0,2021-10-01,11:01:28,11:03:30,122.0,0.9166
14.0,274.0,2.0,23.0,2021-10-01,11:03:30,11:07:19,229.0,1.1479
14.0,274.0,2.0,24.0,2021-10-01,11:07:19,11:10:33,194.0,1.3115
14.0,274.0,2.0,25.0,2021-10-01,11:10:33,11:14:37,244.0,1.2594
14.0,274.0,2.0,26.0,2021-10-01,11:14:37,11:17:11,154.0,1.036
14.0,274.0,2.0,27.0,2021-10-01,11:17:11,11:18:07,56.0,0.3844
14.0,274.0,2.0,28.0,2021-10-01,11:18:07,11:21:47,220.0,0.8673
14.0,274.0,2.0,29.0,2021-10-01,11:21:47,11:24:48,181.0,1.397
14.0,274.0,2.0,30.0,2021-10-01,11:24:48,11:33:25,517.0,2.5612
14.0,274.0,2.0,31.0,2021-10-01,11:33:25,11:34:25,60.0,0.4169
14.0,274.0,2.0,32.0,2021-10-01,11:34:25,11:40:09,344.0,1.296
14.0,274.0,2.0,33.0,2021-10-01,11:40:09,11:43:35,206.0,1.2245
14.0,274.0,2.0,34.0,2021-10-01,11:43:35,11:45:05,90.0,0.6617
15.0,262.0,1.0,1.0,2021-10-01,11:45:05,11:46:33,88.0,0.6261
15.0,262.0,1.0,2.0,2021-10-01,11:46:33,11:49:49,196.0,1.2808
15.0,262.0,1.0,3.0,2021-10-01,11:49:49,11:57:36,467.0,2.1125
15.0,262.0,1.0,4.0,2021-10-01,11:57:36,12:00:24,168.0,1.5513
15.0,262.0,1.0,5.0,2021-10-01,12:00:24,12:02:56,152.0,0.845
15.0,262.0,1.0,6.0,2021-10-01,12:02:56,12:05:58,182.0,1.3125
15.0,262.0,1.0,7.0,2021-10-01,12:05:58,12:06:58,60.0,0.3713
15.0,262.0,1.0,8.0,2021-10-01,12:06:58,12:08:13,75.0,0.6245
15.0,262.0,1.0,9.0,2021-10-01,12:08:13,12:08:49,36.0,0.2572
15.0,262.0,1.0,10.0,2021-10-01,12:08:49,12:11:49,180.0,1.2349
15.0,262.0,1.0,11.0,2021-10-01,12:11:49,12:14:19,150.0,1.1011
15.0,262.0,1.0,12.0,2021-10-01,12:14:19,12:18:10,231.0,1.3111
15.0,262.0,1.0,13.0,2021-10-01,12:18:10,12:20:44,154.0,1.1483
15.0,262.0,1.0,14.0,2021-10-01,12:20:44,12:22:17,93.0,0.8918
15.0,262.0,1.0,15.0,2021-10-01,12:22:17,12:27:56,339.0,1.9667
16.0,123.0,2.0,21.0,2021-10-01,12:27:56,12:38:06,610.0,1.9418
16.0,123.0,2.0,22.0,2021-10-01,12:38:06,12:39:54,108.0,0.9166
16.0,123.0,2.0,23.0,2021-10-01,12:39:54,12:44:33,279.0,1.1479
16.0,123.0,2.0,24.0,2021-10-01,12:44:33,12:47:08,155.0,1.3115
16.0,123.0,2.0,25.0,2021-10-01,12:47:08,12:50:36,207.6,1.2594
16.0,123.0,2.0,26.0,2021-10-01,12:50:36,12:53:20,164.5,1.036
16.0,123.0,2.0,27.0,2021-10-01,12:53:20,12:54:08,48.0,0.3844
16.0,123.0,2.0,28.0,2021-10-01,12:54:08,12:56:19,131.0,0.8673
16.0,123.0,2.0,29.0,2021-10-01,12:56:19,12:59:39,200.0,1.397
16.0,123.0,2.0,30.0,2021-10-01,12:59:39,13:05:43,364.0,2.5612
16.0,123.0,2.0,31.0,2021-10-01,13:05:43,13:06:28,45.0,0.4169
16.0,123.0,2.0,32.0,2021-10-01,13:06:28,13:10:00,212.0,1.296
16.0,123.0,2.0,33.0,2021-10-01,13:10:00,13:13:27,207.0,1.2245
16.0,123.0,2.0,34.0,2021-10-01,13:13:27,13:14:38,71.0,0.6617
20.0,262.0,2.0,21.0,2021-10-01,13:14:38,13:20:23,345.0,1.9418
20.0,262.0,2.0,22.0,2021-10-01,13:20:23,13:22:19,116.0,0.9166
20.0,262.0,2.0,23.0,2021-10-01,13:22:19,13:26:48,269.0,1.1479
20.0,262.0,2.0,24.0,2021-10-01,13:26:48,13:29:33,165.0,1.3115
20.0,262.0,2.0,25.0,2021-10-01,13:29:33,13:31:46,133.0,1.2594
20.0,262.0,2.0,26.0,2021-10-01,13:31:46,13:34:52,186.0,1.036
20.0,262.0,2.0,27.0,2021-10-01,13:34:52,13:35:43,51.0,0.3844
20.0,262.0,2.0,28.0,2021-10-01,13:35:43,13:39:20,217.0,0.8673
20.0,262.0,2.0,29.0,2021-10-01,13:39:20,13:42:51,211.0,1.397
20.0,262.0,2.0,30.0,2021-10-01,13:42:51,13:50:26,455.0,2.5612
20.0,262.0,2.0,31.0,2021-10-01,13:50:26,13:51:12,46.0,0.4169
20.0,262.0,2.0,32.0,2021-10-01,13:51:12,13:54:45,213.0,1.296
20.0,262.0,2.0,33.0,2021-10-01,13:54:45,13:58:09,204.0,1.2245
20.0,262.0,2.0,34.0,2021-10-01,13:58:09,13:59:47,98.0,0.6617
21.0,274.0,1.0,1.0,2021-10-01,13:59:47,14:02:00,133.0,0.6261
21.0,274.0,1.0,2.0,2021-10-01,14:02:00,14:05:00,180.0,1.2808
21.0,274.0,1.0,3.0,2021-10-01,14:05:00,14:12:53,473.0,2.1125
21.0,274.0,1.0,4.0,2021-10-01,14:12:53,14:17:16,263.0,1.5513
21.0,274.0,1.0,5.0,2021-10-01,14:17:16,14:19:18,122.0,0.845
21.0,274.0,1.0,6.0,2021-10-01,14:19:18,14:22:50,212.0,1.3125
21.0,274.0,1.0,7.0,2021-10-01,14:22:50,14:23:20,30.0,0.3713
21.0,274.0,1.0,8.0,2021-10-01,14:23:20,14:25:19,119.0,0.6245
21.0,274.0,1.0,9.0,2021-10-01,14:25:19,14:25:51,32.0,0.2572
21.0,274.0,1.0,10.0,2021-10-01,14:25:51,14:30:00,249.0,1.2349
21.0,274.0,1.0,11.0,2021-10-01,14:30:00,14:32:44,164.0,1.1011
21.0,274.0,1.0,12.0,2021-10-01,14:32:44,14:36:24,220.0,1.3111
21.0,274.0,1.0,13.0,2021-10-01,14:36:24,14:38:52,148.0,1.1483
21.0,274.0,1.0,14.0,2021-10-01,14:38:52,14:40:08,76.0,0.8918
21.0,274.0,1.0,15.0,2021-10-01,14:40:08,14:44:50,282.0,1.9667
22.0,123.0,1.0,1.0,2021-10-01,14:44:50,14:46:53,123.0,0.6261
22.0,123.0,1.0,2.0,2021-10-01,14:46:53,14:49:53,180.0,1.2808
22.0,123.0,1.0,3.0,2021-10-01,14:49:53,14:58:04,491.0,2.1125
22.0,123.0,1.0,4.0,2021-10-01,14:58:04,15:00:28,144.0,1.5513
22.0,123.0,1.0,5.0,2021-10-01,15:00:28,15:02:22,114.0,0.845
22.0,123.0,1.0,6.0,2021-10-01,15:02:22,15:05:39,197.0,1.3125
22.0,123.0,1.0,7.0,2021-10-01,15:05:39,15:06:16,36.5,0.3713
22.0,123.0,1.0,8.0,2021-10-01,15:06:16,15:07:41,85.3,0.6245
22.0,123.0,1.0,9.0,2021-10-01,15:07:41,15:07:56,14.5,0.2572
22.0,123.0,1.0,10.0,2021-10-01,15:07:56,15:11:18,202.9,1.2349
22.0,123.0,1.0,11.0,2021-10-01,15:11:18,15:14:16,177.1,1.1011
22.0,123.0,1.0,12.0,2021-10-01,15:14:16,15:17:36,200.0,1.3111
22.0,123.0,1.0,13.0,2021-10-01,15:17:36,15:20:19,163.0,1.1483
22.0,123.0,1.0,14.0,2021-10-01,15:20:19,15:21:59,100.0,0.8918
22.0,123.0,1.0,15.0,2021-10-01,15:21:59,15:27:59,360.0,1.9667
26.0,274.0,2.0,21.0,2021-10-01,15:27:59,15:34:45,406.0,1.9418
26.0,274.0,2.0,22.0,2021-10-01,15:34:45,15:37:10,145.0,0.9166
26.0,274.0,2.0,23.0,2021-10-01,15:37:10,15:39:12,122.0,1.1479
26.0,274.0,2.0,24.0,2021-10-01,15:39:12,15:41:33,141.0,1.3115
26.0,274.0,2.0,25.0,2021-10-01,15:41:33,15:49:43,490.0,1.2594
26.0,274.0,2.0,26.0,2021-10-01,15:49:43,15:52:28,165.0,1.036
26.0,274.0,2.0,27.0,2021-10-01,15:52:28,15:53:25,57.0,0.3844
26.0,274.0,2.0,28.0,2021-10-01,15:53:25,15:55:36,131.0,0.8673
26.0,274.0,2.0,29.0,2021-10-01,15:55:36,16:00:04,268.0,1.397
26.0,274.0,2.0,30.0,2021-10-01,16:00:04,16:05:45,341.0,2.5612
26.0,274.0,2.0,31.0,2021-10-01,16:05:45,16:06:30,45.0,0.4169
26.0,274.0,2.0,32.0,2021-10-01,16:06:30,16:10:15,225.0,1.296
26.0,274.0,2.0,33.0,2021-10-01,16:10:15,16:13:43,208.0,1.2245
26.0,274.0,2.0,34.0,2021-10-01,16:13:43,16:15:29,106.0,0.6617
27.0,262.0,1.0,1.0,2021-10-01,16:15:29,16:17:10,101.0,0.6261
27.0,262.0,1.0,2.0,2021-10-01,16:17:10,16:21:15,245.0,1.2808
27.0,262.0,1.0,3.0,2021-10-01,16:21:15,16:27:23,368.0,2.1125
27.0,262.0,1.0,4.0,2021-10-01,16:27:23,16:31:33,250.0,1.5513
27.0,262.0,1.0,5.0,2021-10-01,16:31:33,16:34:30,177.0,0.845
27.0,262.0,1.0,6.0,2021-10-01,16:34:30,16:38:12,222.0,1.3125
27.0,262.0,1.0,7.0,2021-10-01,16:38:12,16:39:10,58.0,0.3713
27.0,262.0,1.0,8.0,2021-10-01,16:39:10,16:41:13,123.0,0.6245
27.0,262.0,1.0,9.0,2021-10-01,16:41:13,16:41:34,21.0,0.2572
27.0,262.0,1.0,10.0,2021-10-01,16:41:34,16:44:22,168.0,1.2349
27.0,262.0,1.0,11.0,2021-10-01,16:44:22,16:47:46,204.0,1.1011
27.0,262.0,1.0,12.0,2021-10-01,16:47:46,16:51:35,229.0,1.3111
27.0,262.0,1.0,13.0,2021-10-01,16:51:35,16:54:15,160.0,1.1483
27.0,262.0,1.0,14.0,2021-10-01,16:54:15,16:56:05,110.0,0.8918
27.0,262.0,1.0,15.0,2021-10-01,16:56:05,17:00:32,267.0,1.9667
30.0,262.0,2.0,21.0,2021-10-01,17:00:32,17:07:23,411.0,1.9418
30.0,262.0,2.0,22.0,2021-10-01,17:07:23,17:09:25,122.0,0.9166
30.0,262.0,2.0,23.0,2021-10-01,17:09:25,17:12:19,174.0,1.1479
30.0,262.0,2.0,24.0,2021-10-01,17:12:19,17:14:50,151.0,1.3115
30.0,262.0,2.0,25.0,2021-10-01,17:14:50,17:17:25,155.0,1.2594
30.0,262.0,2.0,26.0,2021-10-01,17:17:25,17:20:10,165.0,1.036
30.0,262.0,2.0,27.0,2021-10-01,17:20:10,17:20:57,47.0,0.3844
30.0,262.0,2.0,28.0,2021-10-01,17:20:57,17:23:06,129.0,0.8673
30.0,262.0,2.0,29.0,2021-10-01,17:23:06,17:26:30,204.0,1.397
30.0,262.0,2.0,30.0,2021-10-01,17:26:30,17:33:52,442.0,2.5612
30.0,262.0,2.0,31.0,2021-10-01,17:33:52,17:34:39,47.0,0.4169
30.0,262.0,2.0,32.0,2021-10-01,17:34:39,17:37:42,183.0,1.296
30.0,262.0,2.0,33.0,2021-10-01,17:37:42,17:47:30,588.0,1.2245
30.0,262.0,2.0,34.0,2021-10-01,17:47:30,17:49:15,105.0,0.6617
32.0,274.0,1.0,1.0,2021-10-01,17:49:15,17:50:39,84.0,0.6261
32.0,274.0,1.0,2.0,2021-10-01,17:50:39,18:05:49,910.0,1.2808
32.0,274.0,1.0,3.0,2021-10-01,18:05:49,18:12:26,397.0,2.1125
32.0,274.0,1.0,4.0,2021-10-01,18:12:26,18:17:18,292.0,1.5513
32.0,274.0,1.0,5.0,2021-10-01,18:17:18,18:19:53,155.0,0.845
32.0,274.0,1.0,6.0,2021-10-01,18:19:53,18:24:42,289.0,1.3125
32.0,274.0,1.0,7.0,2021-10-01,18:24:42,18:25:27,45.0,0.3713
32.0,274.0,1.0,8.0,2021-10-01,18:25:27,18:26:55,88.0,0.6245
32.0,274.0,1.0,9.0,2021-10-01,18:26:55,18:27:19,24.0,0.2572
32.0,274.0,1.0,10.0,2021-10-01,18:27:19,18:30:11,172.0,1.2349
32.0,274.0,1.0,11.0,2021-10-01,18:30:11,18:33:12,181.0,1.1011
32.0,274.0,1.0,12.0,2021-10-01,18:33:12,18:36:02,170.0,1.3111
32.0,274.0,1.0,13.0,2021-10-01,18:36:02,18:39:18,196.0,1.1483
32.0,274.0,1.0,14.0,2021-10-01,18:39:18,18:40:38,80.0,0.8918
32.0,274.0,1.0,15.0,2021-10-01,18:40:38,18:45:50,312.0,1.9667
35.0,123.0,1.0,1.0,2021-10-01,18:45:50,18:47:06,76.0,0.6261
35.0,123.0,1.0,2.0,2021-10-01,18:47:06,18:50:21,195.0,1.2808
35.0,123.0,1.0,3.0,2021-10-01,18:50:21,18:56:33,372.0,2.1125
35.0,123.0,1.0,4.0,2021-10-01,18:56:33,18:59:05,152.0,1.5513
35.0,123.0,1.0,5.0,2021-10-01,18:59:05,19:00:21,76.0,0.845
35.0,123.0,1.0,6.0,2021-10-01,19:00:21,19:02:40,139.0,1.3125
35.0,123.0,1.0,7.0,2021-10-01,19:02:40,19:03:10,30.0,0.3713
35.0,123.0,1.0,8.0,2021-10-01,19:03:10,19:04:10,60.0,0.6245
35.0,123.0,1.0,9.0,2021-10-01,19:04:10,19:04:25,15.0,0.2572
35.0,123.0,1.0,10.0,2021-10-01,19:04:25,19:05:55,90.0,1.2349
35.0,123.0,1.0,11.0,2021-10-01,19:05:55,19:07:31,96.0,1.1011
35.0,123.0,1.0,12.0,2021-10-01,19:07:31,19:09:44,133.0,1.3111
35.0,123.0,1.0,13.0,2021-10-01,19:09:44,19:11:14,90.0,1.1483
35.0,123.0,1.0,14.0,2021-10-01,19:11:14,19:13:01,107.0,0.8918
35.0,123.0,1.0,15.0,2021-10-01,19:13:01,19:16:48,227.0,1.9667
36.0,279.0,2.0,21.0,2021-10-02,19:16:48,19:20:23,215.0,1.9418
36.0,279.0,2.0,22.0,2021-10-02,19:20:23,19:22:00,97.0,0.9166
36.0,279.0,2.0,23.0,2021-10-02,19:22:00,19:25:06,186.1,1.1479
36.0,279.0,2.0,24.0,2021-10-02,19:25:06,19:28:43,217.6,1.3115
36.0,279.0,2.0,25.0,2021-10-02,19:28:43,19:30:52,129.0,1.2594
36.0,279.0,2.0,26.0,2021-10-02,19:30:52,19:32:08,76.0,1.036
36.0,279.0,2.0,27.0,2021-10-02,19:32:08,19:32:38,30.0,0.3844
36.0,279.0,2.0,28.0,2021-10-02,19:32:38,19:33:54,76.0,0.8673
36.0,279.0,2.0,29.0,2021-10-02,19:33:54,19:36:13,139.0,1.397
36.0,279.0,2.0,30.0,2021-10-02,19:36:13,19:41:25,312.0,2.5612
36.0,279.0,2.0,31.0,2021-10-02,19:41:25,19:41:55,30.0,0.4169
36.0,279.0,2.0,32.0,2021-10-02,19:41:55,19:45:16,201.0,1.296
36.0,279.0,2.0,33.0,2021-10-02,19:45:16,19:47:54,158.0,1.2245
36.0,279.0,2.0,34.0,2021-10-02,19:47:54,19:49:02,68.0,0.6617
38.0,262.0,1.0,1.0,2021-10-02,19:49:02,19:50:35,93.0,0.6261
38.0,262.0,1.0,2.0,2021-10-02,19:50:35,19:54:23,228.0,1.2808
38.0,262.0,1.0,3.0,2021-10-02,19:54:23,20:00:26,363.0,2.1125
38.0,262.0,1.0,4.0,2021-10-02,20:00:26,20:03:24,178.0,1.5513
38.0,262.0,1.0,5.0,2021-10-02,20:03:24,20:05:23,119.0,0.845
38.0,262.0,1.0,6.0,2021-10-02,20:05:23,20:08:40,197.0,1.3125
38.0,262.0,1.0,7.0,2021-10-02,20:08:40,20:09:19,39.0,0.3713
38.0,262.0,1.0,8.0,2021-10-02,20:09:19,20:10:17,58.0,0.6245
38.0,262.0,1.0,9.0,2021-10-02,20:10:17,20:10:34,17.0,0.2572
38.0,262.0,1.0,10.0,2021-10-02,20:10:34,20:13:52,198.0,1.2349
38.0,262.0,1.0,11.0,2021-10-02,20:13:52,20:17:11,199.0,1.1011
38.0,262.0,1.0,12.0,2021-10-02,20:17:11,20:20:03,172.0,1.3111
38.0,262.0,1.0,13.0,2021-10-02,20:20:03,20:22:22,139.0,1.1483
38.0,262.0,1.0,14.0,2021-10-02,20:22:22,20:24:17,115.0,0.8918
38.0,262.0,1.0,15.0,2021-10-02,20:24:17,20:27:48,211.0,1.9667
39.0,279.0,1.0,1.0,2021-10-02,20:27:48,20:29:45,117.0,0.6261
39.0,279.0,1.0,2.0,2021-10-02,20:29:45,20:33:15,210.0,1.2808
39.0,279.0,1.0,3.0,2021-10-02,20:33:15,20:42:45,570.0,2.1125
39.0,279.0,1.0,4.0,2021-10-02,20:42:45,20:46:57,252.0,1.5513
39.0,279.0,1.0,5.0,2021-10-02,20:46:57,20:49:10,133.0,0.845
39.0,279.0,1.0,6.0,2021-10-02,20:49:10,20:52:16,186.0,1.3125
39.0,279.0,1.0,7.0,2021-10-02,20:52:16,20:52:46,30.0,0.3713
39.0,279.0,1.0,8.0,2021-10-02,20:52:46,20:53:53,67.0,0.6245
39.0,279.0,1.0,9.0,2021-10-02,20:53:53,20:54:16,23.0,0.2572
39.0,279.0,1.0,10.0,2021-10-02,20:54:16,20:57:42,206.0,1.2349
39.0,279.0,1.0,11.0,2021-10-02,20:57:42,21:00:44,182.0,1.1011
39.0,279.0,1.0,12.0,2021-10-02,21:00:44,21:03:41,177.0,1.3111
39.0,279.0,1.0,13.0,2021-10-02,21:03:41,21:06:32,171.0,1.1483
39.0,279.0,1.0,14.0,2021-10-02,21:06:32,21:08:12,100.0,0.8918
39.0,279.0,1.0,15.0,2021-10-02,21:08:12,21:12:56,284.0,1.9667
44.0,123.0,2.0,21.0,2021-10-02,21:12:56,21:20:07,431.0,1.9418
44.0,123.0,2.0,22.0,2021-10-02,21:20:07,21:21:46,99.0,0.9166
44.0,123.0,2.0,23.0,2021-10-02,21:21:46,21:25:25,219.0,1.1479
44.0,123.0,2.0,24.0,2021-10-02,21:25:25,21:27:22,117.0,1.3115
44.0,123.0,2.0,25.0,2021-10-02,21:27:22,21:30:00,158.0,1.2594
44.0,123.0,2.0,26.0,2021-10-02,21:30:00,21:31:47,107.0,1.036
44.0,123.0,2.0,27.0,2021-10-02,21:31:47,21:32:25,38.0,0.3844
44.0,123.0,2.0,28.0,2021-10-02,21:32:25,21:35:38,193.0,0.8673
44.0,123.0,2.0,29.0,2021-10-02,21:35:38,21:38:34,176.0,1.397
44.0,123.0,2.0,30.0,2021-10-02,21:38:34,21:45:43,429.0,2.5612
44.0,123.0,2.0,31.0,2021-10-02,21:45:43,21:46:13,30.0,0.4169
44.0,123.0,2.0,32.0,2021-10-02,21:46:13,21:48:57,164.0,1.296
44.0,123.0,2.0,33.0,2021-10-02,21:48:57,21:51:42,165.0,1.2245
44.0,123.0,2.0,34.0,2021-10-02,21:51:42,21:52:57,75.0,0.6617
45.0,262.0,2.0,21.0,2021-10-02,21:52:57,22:01:02,485.0,1.9418
45.0,262.0,2.0,22.0,2021-10-02,22:01:02,22:03:01,119.0,0.9166
45.0,262.0,2.0,23.0,2021-10-02,22:03:01,22:06:56,235.0,1.1479
45.0,262.0,2.0,24.0,2021-10-02,22:06:56,22:10:38,222.0,1.3115
45.0,262.0,2.0,25.0,2021-10-02,22:10:38,22:13:25,167.0,1.2594
45.0,262.0,2.0,26.0,2021-10-02,22:13:25,22:15:14,109.0,1.036
45.0,262.0,2.0,27.0,2021-10-02,22:15:14,22:15:58,44.0,0.3844
45.0,262.0,2.0,28.0,2021-10-02,22:15:58,22:17:57,119.0,0.8673
45.0,262.0,2.0,29.0,2021-10-02,22:17:57,22:20:52,175.0,1.397
45.0,262.0,2.0,30.0,2021-10-02,22:20:52,22:29:24,512.0,2.5612
45.0,262.0,2.0,31.0,2021-10-02,22:29:24,22:30:22,58.0,0.4169
45.0,262.0,2.0,32.0,2021-10-02,22:30:22,22:34:06,224.0,1.296
45.0,262.0,2.0,33.0,2021-10-02,22:34:06,22:37:02,176.0,1.2245
45.0,262.0,2.0,34.0,2021-10-02,22:37:02,22:38:17,75.0,0.6617
46.0,279.0,2.0,21.0,2021-10-02,22:38:17,22:46:01,464.0,1.9418
46.0,279.0,2.0,22.0,2021-10-02,22:46:01,22:47:43,102.0,0.9166
46.0,279.0,2.0,23.0,2021-10-02,22:47:43,22:51:06,203.0,1.1479